,Receipt No.,Details,Paid In,Withdrawn,Balance,Date,Time
1,SLN7KQ3LF7,M-Shwari Withdraw,250.0,,286.0,2024-12-23,18:43:16
6,SLN2J0JB3A,M-Shwari Withdraw,50.0,,50.0,2024-12-23,12:29:15
7,SLN7IUKEOV,"M-Shwari Lock Withdraw to
Savings",0.0,,0.0,2024-12-23,11:49:55
9,SLM1GCIMI5,M-Shwari Withdraw,200.0,,200.0,2024-12-22,18:28:41
11,SLM4EJNNW8,M-Shwari Withdraw,20.0,,420.0,2024-12-22,11:03:08
14,SLM0EE51ME,M-Shwari Withdraw,30.0,,30.0,2024-12-22,10:18:59
15,SLL7D9DPFH,"M-Shwari Lock Withdraw to
Savings",0.0,,22.0,2024-12-21,21:40:28
16,SLL4CBVOUG,"M-Shwari Lock Withdraw to
Savings",0.0,,112.0,2024-12-21,18:48:26
18,SLL8BBNCME,M-Shwari Withdraw,500.0,,502.0,2024-12-21,15:19:52
20,SLL4A2M9YM,M-Shwari Withdraw,100.0,,100.0,2024-12-21,10:16:29
27,SLK54S5ZOJ,"M-Shwari Lock Withdraw to
Savings",0.0,,0.0,2024-12-20,00:21:08
28,SLJ74K3ILB,M-Shwari Withdraw,20.0,,61.0,2024-12-19,22:06:20
31,SLJ2486QLW,M-Shwari Withdraw,100.0,,101.0,2024-12-19,20:42:46
32,SLJ445GGT4,"M-Shwari Lock Deposit from
Savings",0.0,,1.0,2024-12-19,20:27:43
33,SLJ13VKXGN,M-Shwari Withdraw,30.0,,50.0,2024-12-19,19:38:41
34,SLJ53T9HGV,M-Shwari Withdraw,50.0,,50.0,2024-12-19,19:28:08
35,SLJ23P01HQ,M-Shwari Withdraw,30.0,,38.0,2024-12-19,19:09:18
38,SLI7Y6IAT5,"M-Shwari Lock Withdraw to
Savings",0.0,,160.0,2024-12-18,18:57:06
40,SLH2UYM7TU,M-Shwari Withdraw,20.0,,20.0,2024-12-17,23:10:52
45,SLH8RRW64M,M-Shwari Withdraw,300.0,,554.0,2024-12-17,11:20:27
47,SLH3RERZD7,M-Shwari Withdraw,50.0,,61.0,2024-12-17,09:49:05
48,SLG4QKLGY2,"M-Shwari Lock Withdraw to
Savings",0.0,,191.0,2024-12-16,23:11:49
61,SLG4NX4UV8,M-Shwari Withdraw,20.0,,21.0,2024-12-16,13:17:35
62,SLG6NUBAQQ,M-Shwari Withdraw,30.0,,31.0,2024-12-16,12:58:30
65,SLG1MUL7W9,M-Shwari Withdraw,80.0,,89.0,2024-12-16,08:43:22
67,SLF5LUU17L,M-Shwari Withdraw,250.0,,351.0,2024-12-15,20:53:06
70,SLF8K0KST6,M-Shwari Withdraw,20.0,,31.0,2024-12-15,14:16:12
75,SLF9IZK9H5,M-Shwari Withdraw,50.0,,65.0,2024-12-15,09:24:36
76,SLF8IYG780,"M-Shwari Lock Deposit from
Savings",0.0,,15.0,2024-12-15,09:15:28
78,SLE3HY2JQZ,M-Shwari Withdraw,50.0,,200.0,2024-12-14,21:20:34
84,SLE4HMEN1W,M-Shwari Withdraw,50.0,,50.0,2024-12-14,20:17:43
85,SLE5HE0BKX,M-Shwari Withdraw,50.0,,60.0,2024-12-14,19:39:20
90,SLE9GS7NG9,M-Shwari Withdraw,70.0,,70.0,2024-12-14,17:57:38
92,SLE6GOA2JU,M-Shwari Withdraw,30.0,,30.0,2024-12-14,17:35:46
93,SLE8GKW906,M-Shwari Withdraw,50.0,,50.0,2024-12-14,17:15:49
95,SLE4G7I3PA,M-Shwari Withdraw,120.0,,164.0,2024-12-14,15:47:22
96,SLE0FYTHB4,"M-Shwari Lock Deposit from
Savings",0.0,,544.0,2024-12-14,14:46:52
100,SLE8FB04SK,M-Shwari Withdraw,2250.0,,2250.0,2024-12-14,12:05:48
102,SLE6EIOJQK,M-Shwari Withdraw,50.0,,65.0,2024-12-14,08:31:52
103,SLD5DULB2D,"M-Shwari Lock Withdraw to
Savings",0.0,,170.0,2024-12-13,22:21:53
146,SL96TNQQOI,M-Shwari Withdraw,550.0,,586.0,2024-12-09,16:25:25
147,SL93THQ82B,M-Shwari Withdraw,50.0,,56.0,2024-12-09,15:44:42
148,SL94RW1IC4,M-Shwari Withdraw,100.0,,106.0,2024-12-09,09:04:11
149,SL97RHZXHX,M-Shwari Withdraw,50.0,,50.0,2024-12-09,06:57:34
150,SL82R95L5U,M-Shwari Withdraw,50.0,,50.0,2024-12-08,23:37:53
153,SL87R6KXPB,M-Shwari Withdraw,30.0,,50.0,2024-12-08,22:49:14
154,SL80QDTAVG,"M-Shwari Lock Deposit from
Savings",0.0,,100.0,2024-12-08,19:34:16
156,SL86Q3FEVC,M-Shwari Withdraw,23.0,,23.0,2024-12-08,18:48:41
157,SL83PWPAN3,M-Shwari Withdraw,30.0,,40.0,2024-12-08,18:11:47
158,SL83PU8X39,M-Shwari Withdraw,50.0,,50.0,2024-12-08,17:57:35
159,SL87ONYUCJ,M-Shwari Withdraw,50.0,,63.0,2024-12-08,13:16:18
160,SL82NZ0OWI,"M-Shwari Lock Deposit from
Savings",0.0,,13.0,2024-12-08,10:03:12
165,SL72M31E8Y,M-Shwari Withdraw,400.0,,619.0,2024-12-07,19:26:02
166,SL64FWFCUA,M-Shwari Withdraw,2000.0,,2125.0,2024-12-06,13:58:08
169,SL69EWGE4T,M-Shwari Withdraw,50.0,,60.0,2024-12-06,09:57:20
170,SL63EF7AJN,M-Shwari Withdraw,50.0,,50.0,2024-12-06,07:45:38
171,SL67E1TR3X,M-Shwari Withdraw,20.0,,20.0,2024-12-06,00:00:28
172,SL54DFT0A2,M-Shwari Withdraw,10.0,,20.0,2024-12-05,20:36:05
173,SL58D3KJGM,M-Shwari Withdraw,100.0,,100.0,2024-12-05,19:40:28
174,SL50BYPMEY,M-Shwari Withdraw,20.0,,20.0,2024-12-05,16:17:53
177,SL52AGG96U,M-Shwari Withdraw,130.0,,268.0,2024-12-05,10:14:08
179,SL419I532T,"M-Shwari Lock Withdraw to
Savings",0.0,,138.0,2024-12-04,23:39:13
181,SL498Y7LQD,M-Shwari Withdraw,200.0,,208.0,2024-12-04,20:49:18
182,SL438TORP5,M-Shwari Withdraw,270.0,,737.0,2024-12-04,20:26:45
188,SL4086M63A,M-Shwari Withdraw,100.0,,204.0,2024-12-04,18:51:18
190,SL447YPA3K,M-Shwari Withdraw,70.0,,70.0,2024-12-04,18:15:42
191,SL457XF6C7,M-Shwari Withdraw,50.0,,52.0,2024-12-04,18:09:20
199,SL485LDK3Q,M-Shwari Withdraw,400.0,,421.0,2024-12-04,08:59:10
200,SL405I5GL0,M-Shwari Withdraw,50.0,,51.0,2024-12-04,08:34:36
215,SL301RNXJW,M-Shwari Withdraw,70.0,,70.0,2024-12-03,11:40:19
216,SL361QYL9A,M-Shwari Withdraw,60.0,,60.0,2024-12-03,11:35:23
217,SL341HVTHO,M-Shwari Withdraw,30.0,,530.0,2024-12-03,10:30:42
220,SL3714TM1Z,M-Shwari Withdraw,10.0,,13.0,2024-12-03,08:52:57
221,SL23Z6BE0H,M-Shwari Withdraw,10.0,,53.0,2024-12-02,21:15:10
225,SL21YCUEH9,M-Shwari Withdraw,70.0,,220.0,2024-12-02,18:56:04
226,SL29YAEKBZ,M-Shwari Withdraw,250.0,,290.0,2024-12-02,18:45:54
229,SL25X6LMZD,M-Shwari Withdraw,11.0,,20.0,2024-12-02,14:53:06
232,SL28WEVJ2K,M-Shwari Withdraw,100.0,,109.0,2024-12-02,11:48:25
238,SL12U5GCCW,M-Shwari Withdraw,10.0,,20.0,2024-12-01,19:02:09
239,SL19TXFDFT,M-Shwari Withdraw,10.0,,10.0,2024-12-01,18:25:12
240,SL19TLB1MP,M-Shwari Withdraw,20.0,,20.0,2024-12-01,17:14:24
241,SL15SYE153,M-Shwari Withdraw,60.0,,80.0,2024-12-01,14:45:31
243,SL17SKJ9ZB,M-Shwari Withdraw,40.0,,40.0,2024-12-01,13:10:29
245,SL19S1RDW3,M-Shwari Withdraw,90.0,,90.0,2024-12-01,10:44:31
254,SKU5PO7MDJ,M-Shwari Withdraw,50.0,,50.0,2024-11-30,18:29:10
257,SKU0OPMWJS,M-Shwari Withdraw,10.0,,150.0,2024-11-30,15:09:59
258,SKU9OEVRVH,M-Shwari Withdraw,150.0,,150.0,2024-11-30,14:01:50
259,SKU0ODT6BM,M-Shwari Withdraw,50.0,,50.0,2024-11-30,13:55:04
263,SKU0NXRYB2,M-Shwari Withdraw,60.0,,70.0,2024-11-30,12:11:26
264,SKU8NBQAOE,M-Shwari Withdraw,50.0,,50.0,2024-11-30,09:36:38
265,SKU2MYYO8A,M-Shwari Withdraw,146.0,,146.0,2024-11-30,07:54:33
284,SKT7IZ85KV,M-Shwari Withdraw,45.0,,347.0,2024-11-29,09:49:51
285,SKT2IYYFAQ,M-Shwari Withdraw,300.0,,302.0,2024-11-29,09:47:52
286,SKS1I2BE3X,M-Shwari Withdraw,55.0,,56.0,2024-11-28,22:45:34
311,SKR8BEBR0A,"M-Shwari Lock Withdraw to
Savings",0.0,,224.0,2024-11-27,14:49:39
315,SKR6AIYTKK,M-Shwari Withdraw,21.0,,44.0,2024-11-27,11:07:12
317,SKR8A3T3Q2,M-Shwari Withdraw,150.0,,368.0,2024-11-27,09:09:57
327,SKQ470H7X0,M-Shwari Withdraw,10.0,,23.0,2024-11-26,14:30:24
330,SKQ85NUR4E,"M-Shwari Lock Deposit from
Savings",0.0,,3.0,2024-11-26,08:32:16
331,SKQ35NK9K1,"M-Shwari Lock Deposit from
Savings",0.0,,3.0,2024-11-26,08:29:51
332,SKQ95N27PH,"M-Shwari Lock Activate and Save
from Savings",0.0,,3.0,2024-11-26,08:25:44
333,SKQ05MMVLY,M-Shwari Withdraw,10.0,,408.0,2024-11-26,08:22:08
344,SKP71NR98J,M-Shwari Withdraw,20.0,,23.0,2024-11-25,09:11:41
345,SKP21K7ZGI,M-Shwari Withdraw,80.0,,83.0,2024-11-25,08:42:37
346,SKO710AFSN,M-Shwari Withdraw,20.0,,23.0,2024-11-24,22:58:53
347,SKO6ZPZJM0,M-Shwari Withdraw,50.0,,53.0,2024-11-24,21:08:41
352,SKO3XN6P4R,M-Shwari Withdraw,150.0,,150.0,2024-11-24,13:25:13
355,SKN3VYXR7V,M-Shwari Withdraw,220.0,,510.0,2024-11-23,21:48:13
364,SKN9SVDIRH,M-Shwari Withdraw,20.0,,25.0,2024-11-23,10:37:53
366,SKM6RV82PI,"M-Shwari Lock Withdraw to
Savings",0.0,,5.0,2024-11-22,23:05:15
367,SKM0RPS1R2,M-Shwari Withdraw,20.0,,25.0,2024-11-22,22:00:00
368,SKM6RIGP28,M-Shwari Withdraw,30.0,,330.0,2024-11-22,21:06:02
386,SKL3KR50O7,"M-Shwari Lock Withdraw to
Savings",0.0,,10.0,2024-11-21,12:03:36
388,SKL2JWPL6E,M-Shwari Withdraw,100.0,,100.0,2024-11-21,07:54:17
391,SKL6JL6VYA,M-Shwari Withdraw,20.0,,50.0,2024-11-21,00:49:45
392,SKL1JL5E7P,M-Shwari Withdraw,30.0,,30.0,2024-11-21,00:47:33
395,SKK4J8ZAV6,M-Shwari Withdraw,50.0,,250.0,2024-11-20,21:28:46
396,SKK5IKSFI1,M-Shwari Withdraw,50.0,,230.0,2024-11-20,19:19:42
401,SKK4HN829U,M-Shwari Withdraw,100.0,,120.0,2024-11-20,16:27:39
409,SKJ3EVZTV3,M-Shwari Withdraw,20.0,,52.0,2024-11-19,20:44:41
426,SKI28A7U7A,M-Shwari Withdraw,40.0,,60.0,2024-11-18,11:54:18
428,SKH36A7N9D,M-Shwari Withdraw,40.0,,40.0,2024-11-17,19:34:53
433,SKH03P4KP8,M-Shwari Withdraw,50.0,,53.0,2024-11-17,08:35:49
434,SKH03LV9EW,"M-Shwari Lock Deposit from
Savings",0.0,,143.0,2024-11-17,08:03:43
443,SKG9ZPJPCX,M-Shwari Withdraw,40.0,,40.0,2024-11-16,13:57:02
444,SKG6ZM7K2K,M-Shwari Withdraw,20.0,,20.0,2024-11-16,13:33:55
445,SKG1ZIWKHJ,M-Shwari Withdraw,50.0,,150.0,2024-11-16,13:10:32
454,SKF4X1HMK6,M-Shwari Withdraw,100.0,,162.0,2024-11-15,19:16:23
461,SKF2UFND10,M-Shwari Withdraw,80.0,,172.0,2024-11-15,09:18:16
465,SKE5TN7K0V,M-Shwari Withdraw,100.0,,142.0,2024-11-14,22:10:33
468,SKE2T6P3JK,M-Shwari Withdraw,100.0,,167.0,2024-11-14,20:18:22
484,SKE2QEG8QM,M-Shwari Withdraw,80.0,,87.0,2024-11-14,09:59:39
485,SKE4Q89YXY,M-Shwari Withdraw,20.0,,27.0,2024-11-14,09:10:20
486,SKE2Q5J8LS,M-Shwari Withdraw,50.0,,67.0,2024-11-14,08:47:39
500,SKD9M9BUHF,M-Shwari Withdraw,100.0,,114.0,2024-11-13,10:00:51
518,SKB2G1DFE8,M-Shwari Withdraw,70.0,,71.0,2024-11-11,18:35:38
520,SKB7EYJ587,M-Shwari Withdraw,3000.0,,3070.0,2024-11-11,14:34:25
530,SKA3ALC537,M-Shwari Withdraw,100.0,,103.0,2024-11-10,13:14:50
531,SKA6AKW3F6,"M-Shwari Lock Activate and Save
from Savings",0.0,,3.0,2024-11-10,13:11:30
544,SK926VS8SQ,M-Shwari Withdraw,20.0,,23.0,2024-11-09,15:19:49
545,SK906F0PFE,M-Shwari Withdraw,50.0,,53.0,2024-11-09,13:31:16
546,SK955VBPHB,M-Shwari Withdraw,15.0,,1016.0,2024-11-09,11:15:33
548,SK884JTBQ4,M-Shwari Withdraw,20.0,,21.0,2024-11-08,22:07:55
551,SK8915Y5WH,M-Shwari Withdraw,50.0,,101.0,2024-11-08,09:57:22
562,SK62REXRK6,M-Shwari Withdraw,20.0,,56.0,2024-11-06,10:02:39
563,SK53Q8H6YH,M-Shwari Withdraw,100.0,,371.0,2024-11-05,21:18:24
575,SK52O8IXGI,M-Shwari Withdraw,150.0,,160.0,2024-11-05,14:58:50
595,SK30H57EC0,M-Shwari Withdraw,60.0,,62.0,2024-11-03,19:50:47
602,SK20C6LH54,M-Shwari Withdraw,50.0,,67.0,2024-11-02,17:30:17
636,SJV72589MV,M-Shwari Withdraw,10.0,,19.0,2024-10-31,12:09:19
637,SJV61XVU4W,M-Shwari Withdraw,60.0,,89.0,2024-10-31,11:14:59
652,SJU0W04NOW,M-Shwari Withdraw,490.0,,791.0,2024-10-30,08:24:20
665,SJS2QTCR76,M-Shwari Withdraw,200.0,,236.0,2024-10-28,20:41:11
666,SJS6QMILUY,M-Shwari Withdraw,50.0,,253.0,2024-10-28,20:04:57
679,SJR1MPYLJ5,M-Shwari Withdraw,20.0,,20.0,2024-10-27,20:58:33
680,SJR2JBLL32,M-Shwari Withdraw,10.0,,10.0,2024-10-27,05:44:55
721,SJM0ZA2UA8,M-Shwari Withdraw,2150.0,,2196.0,2024-10-22,16:17:55
733,SJL9V9L6LB,M-Shwari Withdraw,30.0,,49.0,2024-10-21,16:15:33
734,SJL3V7GX3X,M-Shwari Withdraw,70.0,,84.0,2024-10-21,16:00:20
737,SJL5TFNCXN,M-Shwari Withdraw,10.0,,44.0,2024-10-21,07:30:33
755,SJJ6MVO1A8,M-Shwari Withdraw,100.0,,130.0,2024-10-19,14:00:17
759,SJJ7MHR3ZX,M-Shwari Withdraw,50.0,,50.0,2024-10-19,12:24:50
770,SJI1K1S1N3,M-Shwari Withdraw,50.0,,57.0,2024-10-18,18:53:23
773,SJI1IZ2K47,M-Shwari Withdraw,550.0,,600.0,2024-10-18,15:13:11
776,SJI1I5733P,M-Shwari Withdraw,50.0,,60.0,2024-10-18,11:37:08
808,SJF05FD3PY,M-Shwari Withdraw,30.0,,53.0,2024-10-15,09:08:08
811,SJE547CIK9,M-Shwari Withdraw,100.0,,107.0,2024-10-14,20:25:06
813,SJE93N4H5H,M-Shwari Withdraw,100.0,,107.0,2024-10-14,18:51:17
817,SJE21VJS9O,M-Shwari Withdraw,50.0,,52.0,2024-10-14,11:48:57
818,SJE5ZX57HN,M-Shwari Withdraw,50.0,,50.0,2024-10-14,06:54:45
820,SJE4ZWK2X2,M-Shwari Withdraw,30.0,,30.0,2024-10-14,06:47:12
821,SJD2YQ2GG8,M-Shwari Withdraw,70.0,,70.0,2024-10-13,19:04:21
835,SJB7R9AJ43,M-Shwari Withdraw,1200.0,,1280.0,2024-10-11,20:39:40
839,SJB1QOOB6Z,M-Shwari Withdraw,100.0,,112.0,2024-10-11,19:01:49
846,SJB9P8PMCH,M-Shwari Withdraw,800.0,,921.0,2024-10-11,13:46:35
848,SJB9OYQ25N,M-Shwari Withdraw,100.0,,161.0,2024-10-11,12:35:39
851,SJB0O7YALO,M-Shwari Withdraw,50.0,,55.0,2024-10-11,09:06:40
862,SJ90JB3MH8,M-Shwari Withdraw,350.0,,391.0,2024-10-09,21:45:03
882,SJ95GJYAZ1,M-Shwari Withdraw,20.0,,26.0,2024-10-09,11:38:22
896,SJ88COJCO2,M-Shwari Withdraw,10.0,,11.0,2024-10-08,12:42:56
898,SJ74B21Q4U,M-Shwari Withdraw,20.0,,38.0,2024-10-07,21:39:10
914,SJ634W094J,M-Shwari Withdraw,100.0,,330.0,2024-10-06,14:34:25
915,SJ674SXVID,M-Shwari Withdraw,300.0,,300.0,2024-10-06,14:13:31
916,SJ683QA6RQ,M-Shwari Withdraw,20.0,,24.0,2024-10-06,09:04:33
922,SJ552595FJ,M-Shwari Withdraw,50.0,,60.0,2024-10-05,19:28:19
923,SJ551X7OIR,M-Shwari Withdraw,50.0,,70.0,2024-10-05,18:57:05
927,SJ53YWHXEN,M-Shwari Withdraw,80.0,,90.0,2024-10-05,11:40:00
928,SJ59YFTDSP,M-Shwari Withdraw,40.0,,50.0,2024-10-05,09:36:23
929,SJ46XHFTO8,M-Shwari Withdraw,10.0,,10.0,2024-10-04,22:03:09
930,SJ49XB2ENB,M-Shwari Withdraw,50.0,,250.0,2024-10-04,21:16:09
981,SIT49L7U9S,M-Shwari Withdraw,450.0,,483.0,2024-09-29,11:00:07
982,SIT59AYQ33,M-Shwari Withdraw,50.0,,53.0,2024-09-29,09:30:16
984,SIS666JP7I,M-Shwari Withdraw,100.0,,133.0,2024-09-28,14:01:42
985,SIS35RURPJ,M-Shwari Withdraw,100.0,,233.0,2024-09-28,12:23:59
986,SIS654J5KS,M-Shwari Withdraw,150.0,,293.0,2024-09-28,09:30:20
987,SIS04WSAYW,M-Shwari Withdraw,150.0,,153.0,2024-09-28,08:27:25
1012,SIQ8X7ELEO,M-Shwari Withdraw,250.0,,405.0,2024-09-26,16:04:03
1014,SIQ3WF5Z0L,M-Shwari Withdraw,50.0,,55.0,2024-09-26,12:34:42
1015,SIQ9W3THLH,M-Shwari Withdraw,50.0,,55.0,2024-09-26,11:04:45
1016,SIP6UWVSWS,M-Shwari Withdraw,100.0,,250.0,2024-09-25,21:55:19
1017,SIP5UCYU5J,M-Shwari Withdraw,250.0,,310.0,2024-09-25,19:51:31
1020,SIP0TB30G6,M-Shwari Withdraw,50.0,,320.0,2024-09-25,16:36:57
1023,SIP9SZ2YTL,M-Shwari Withdraw,50.0,,65.0,2024-09-25,15:07:41
1029,SIO3QBJK4X,M-Shwari Withdraw,100.0,,105.0,2024-09-24,19:33:42
1030,SIO9Q0WOPH,M-Shwari Withdraw,20.0,,25.0,2024-09-24,18:48:02
1031,SIO6Q06ENW,M-Shwari Withdraw,20.0,,105.0,2024-09-24,18:44:44
1033,SIO2OV82LQ,M-Shwari Withdraw,150.0,,155.0,2024-09-24,14:10:59
1034,SIO8OP60OO,M-Shwari Withdraw,20.0,,20.0,2024-09-24,13:25:46
1043,SIN8N5M5YY,M-Shwari Withdraw,10.0,,18.0,2024-09-23,23:28:37
1044,SIN4N3ERS4,M-Shwari Withdraw,80.0,,88.0,2024-09-23,22:51:05
1046,SIN0N2DRYG,M-Shwari Withdraw,10.0,,23.0,2024-09-23,22:36:05
1048,SIN8LQ6FAA,M-Shwari Withdraw,50.0,,58.0,2024-09-23,17:49:45
1049,SIN5LPENSJ,M-Shwari Withdraw,300.0,,315.0,2024-09-23,17:45:18
1050,SIN7LFVTLZ,M-Shwari Withdraw,100.0,,115.0,2024-09-23,16:45:15
1051,SIN0LC0NQI,M-Shwari Withdraw,50.0,,65.0,2024-09-23,16:17:46
1052,SIN7KWKQW7,M-Shwari Withdraw,50.0,,50.0,2024-09-23,14:17:44
1053,SIN6K6QPZ4,M-Shwari Withdraw,50.0,,50.0,2024-09-23,10:56:58
1055,SIM8IGVCOW,M-Shwari Withdraw,40.0,,160.0,2024-09-22,19:32:29
1057,SIM2I45MLM,M-Shwari Withdraw,100.0,,100.0,2024-09-22,18:27:22
1072,SIL4D2D5QU,M-Shwari Withdraw,100.0,,100.0,2024-09-21,13:46:26
1075,SIL0CD6PTU,M-Shwari Withdraw,20.0,,20.0,2024-09-21,10:40:12
1077,SIL1BXF2AZ,M-Shwari Withdraw,20.0,,20.0,2024-09-21,08:27:28
1078,SIL2BWGS8M,M-Shwari Withdraw,10.0,,20.0,2024-09-21,08:18:48
1092,SIK48FKGQ4,M-Shwari Withdraw,80.0,,90.0,2024-09-20,11:03:33
1093,SIK583J0R3,M-Shwari Withdraw,50.0,,90.0,2024-09-20,09:25:04
1097,SIJ4611TZC,M-Shwari Withdraw,300.0,,384.0,2024-09-19,17:58:06
1101,SIJ35LR0YL,M-Shwari Withdraw,100.0,,104.0,2024-09-19,16:23:31
1107,SIJ3503E3N,M-Shwari Withdraw,100.0,,161.0,2024-09-19,13:40:19
1111,SII62U90PU,M-Shwari Withdraw,300.0,,413.0,2024-09-18,20:15:12
1118,SII5ZO9R37,M-Shwari Withdraw,50.0,,73.0,2024-09-18,12:08:22
1132,SIH9V7RC0H,M-Shwari Withdraw,100.0,,103.0,2024-09-17,09:56:36
1134,SIG4TAD2Q4,M-Shwari Withdraw,200.0,,235.0,2024-09-16,18:39:56
1137,SIF4Q0O9B4,M-Shwari Withdraw,150.0,,165.0,2024-09-15,20:49:02
1138,SIF0Q03H40,M-Shwari Withdraw,50.0,,65.0,2024-09-15,20:45:23
1139,SIF8OEV8H4,M-Shwari Withdraw,70.0,,85.0,2024-09-15,15:03:06
1142,SIF3NM9VUN,M-Shwari Withdraw,50.0,,60.0,2024-09-15,11:20:35
1143,SIF4NJVMCW,M-Shwari Withdraw,100.0,,110.0,2024-09-15,10:59:02
1148,SIE3JULQ7Z,M-Shwari Withdraw,50.0,,50.0,2024-09-14,12:44:21
1149,SIE4J2R5X8,M-Shwari Withdraw,80.0,,105.0,2024-09-14,09:11:31
1151,SID5H81I6P,M-Shwari Withdraw,200.0,,202.0,2024-09-13,18:41:04
1153,SID8GRBNA6,M-Shwari Withdraw,50.0,,52.0,2024-09-13,17:09:18
1166,SIB69W7JH2,M-Shwari Withdraw,150.0,,326.0,2024-09-11,20:51:58
1185,SIA52Y3PO7,M-Shwari Withdraw,120.0,,120.0,2024-09-10,09:55:21
1190,SI90XVCTDM,M-Shwari Withdraw,100.0,,132.0,2024-09-09,10:04:53
1191,SI82WZU5CI,M-Shwari Withdraw,50.0,,52.0,2024-09-08,22:54:54
1192,SI81WDYOSP,M-Shwari Withdraw,100.0,,112.0,2024-09-08,20:01:11
1193,SI87WBPHIJ,M-Shwari Withdraw,100.0,,242.0,2024-09-08,19:49:38
1196,SI78SEXZXK,M-Shwari Withdraw,200.0,,207.0,2024-09-07,19:46:05
1197,SI71RKBIMD,M-Shwari Withdraw,50.0,,57.0,2024-09-07,17:14:31
1198,SI79Q8RX6J,M-Shwari Withdraw,100.0,,112.0,2024-09-07,11:49:57
1203,SI68NV3D6C,M-Shwari Withdraw,50.0,,52.0,2024-09-06,18:47:41
1207,SI68N613EQ,M-Shwari Withdraw,150.0,,157.0,2024-09-06,16:29:43
1208,SI60MK0X6O,M-Shwari Withdraw,50.0,,57.0,2024-09-06,13:53:45
1211,SI56KLN01G,M-Shwari Withdraw,50.0,,52.0,2024-09-05,21:26:43
1213,SI50JMS8MG,M-Shwari Withdraw,50.0,,77.0,2024-09-05,18:32:22
1215,SI52J31WZC,M-Shwari Withdraw,50.0,,52.0,2024-09-05,16:39:45
1216,SI50INPJ3M,M-Shwari Withdraw,50.0,,52.0,2024-09-05,14:51:16
1217,SI53HUMKVX,M-Shwari Withdraw,50.0,,62.0,2024-09-05,11:19:50
1218,SI55HOG54T,M-Shwari Withdraw,50.0,,153.0,2024-09-05,10:31:46
1219,SI56HNL9XS,M-Shwari Withdraw,100.0,,103.0,2024-09-05,10:25:04
1225,SI40DIFR16,M-Shwari Withdraw,100.0,,144.0,2024-09-04,10:09:06
1229,SI34ADD5VC,M-Shwari Withdraw,100.0,,111.0,2024-09-03,14:19:25
1230,SI30A2N1MC,M-Shwari Withdraw,50.0,,51.0,2024-09-03,13:05:12
1232,SI319YPKPX,M-Shwari Withdraw,50.0,,61.0,2024-09-03,12:36:39
1234,SI297YQZQ1,M-Shwari Withdraw,150.0,,161.0,2024-09-02,20:20:22
1241,SI111S69IJ,M-Shwari Withdraw,50.0,,57.0,2024-09-01,12:05:16
1243,SHV8YIP3US,M-Shwari Withdraw,100.0,,102.0,2024-08-31,19:04:04
1250,SHU0SR46T6,M-Shwari Withdraw,100.0,,112.0,2024-08-30,13:13:29
1251,SHU9SN84E7,M-Shwari Withdraw,50.0,,52.0,2024-08-30,12:45:03
1257,SHT2Q5Z1QO,M-Shwari Withdraw,50.0,,58.0,2024-08-29,18:57:44
1260,SHT2ON9FL0,M-Shwari Withdraw,100.0,,113.0,2024-08-29,12:55:44
1262,SHT8NU0V18,M-Shwari Withdraw,50.0,,113.0,2024-08-29,09:04:45
1263,SHT4NTYIPA,M-Shwari Withdraw,50.0,,63.0,2024-08-29,09:04:08
1267,SHR1IBS52R,M-Shwari Withdraw,50.0,,165.0,2024-08-27,19:32:16
1282,SHQ7CFW319,M-Shwari Withdraw,100.0,,100.0,2024-08-26,12:35:35
1283,SHQ0C0KBOS,M-Shwari Withdraw,50.0,,60.0,2024-08-26,10:40:52
1285,SHQ1BS0273,M-Shwari Withdraw,50.0,,75.0,2024-08-26,09:31:34
1287,SHP1AHH5EX,M-Shwari Withdraw,200.0,,274.0,2024-08-25,20:03:19
1288,SHP5A26RUP,M-Shwari Withdraw,150.0,,154.0,2024-08-25,18:44:39
1289,SHP39KNPU1,M-Shwari Withdraw,300.0,,349.0,2024-08-25,16:54:18
1297,SHO86EY5FY,M-Shwari Withdraw,50.0,,53.0,2024-08-24,18:56:20
1298,SHO56CZ8EF,M-Shwari Withdraw,50.0,,53.0,2024-08-24,18:46:33
1299,SHO86BPFDS,M-Shwari Withdraw,50.0,,53.0,2024-08-24,18:39:57
1311,SHN62AYZW8,M-Shwari Withdraw,50.0,,71.0,2024-08-23,18:37:25
1316,SHN9ZNPGT1,M-Shwari Withdraw,50.0,,51.0,2024-08-23,11:52:03
1323,SHL7RWZ5N5,M-Shwari Withdraw,50.0,,121.0,2024-08-21,11:20:59
1326,SHK6QEICGK,M-Shwari Withdraw,30.0,,51.0,2024-08-20,20:20:14
1327,SHK9QEEIBV,M-Shwari Withdraw,20.0,,21.0,2024-08-20,20:19:37
1333,SHK2PE79ZW,M-Shwari Withdraw,50.0,,51.0,2024-08-20,17:03:53
1345,SHH9FAYBU9,M-Shwari Withdraw,20.0,,20.0,2024-08-17,20:42:48
1346,SHH5CQ252X,M-Shwari Withdraw,50.0,,65.0,2024-08-17,10:41:25
1355,SHD6WN3CM4,M-Shwari Withdraw,200.0,,255.0,2024-08-13,13:18:47
1377,SGU8BOYVMG,M-Shwari Withdraw,200.0,,230.0,2024-07-30,11:07:31
1380,SGQ2YAMFJC,M-Shwari Withdraw,100.0,,103.0,2024-07-26,23:10:20
1383,SGP4RIQS5A,M-Shwari Withdraw,200.0,,200.0,2024-07-25,10:50:52
1385,SGO3P1BT8J,M-Shwari Withdraw,500.0,,500.0,2024-07-24,16:57:05
1391,SGN7LOZB0L,M-Shwari Withdraw,200.0,,236.0,2024-07-23,18:07:42
1394,SGM7JF5VRZ,M-Shwari Withdraw,100.0,,106.0,2024-07-22,23:35:06
1396,SGM8I41UNM,M-Shwari Withdraw,100.0,,106.0,2024-07-22,17:56:21
1398,SGM7GVUNMZ,M-Shwari Withdraw,100.0,,111.0,2024-07-22,12:20:52
1399,SGL7EXQZH7,M-Shwari Withdraw,50.0,,81.0,2024-07-21,19:29:17
1400,SGL3EC6H4Z,M-Shwari Withdraw,50.0,,51.0,2024-07-21,17:19:03
1401,SGK9BNIEDZ,M-Shwari Withdraw,50.0,,66.0,2024-07-20,20:13:28
1403,SGK5ADC9AL,M-Shwari Withdraw,30.0,,31.0,2024-07-20,15:38:47
1404,SGK1A75KGD,M-Shwari Withdraw,20.0,,21.0,2024-07-20,14:50:52
1405,SGK39VNQT5,M-Shwari Withdraw,300.0,,301.0,2024-07-20,13:22:58
1412,SGI02DJ830,M-Shwari Withdraw,20.0,,28.0,2024-07-18,12:54:47
1413,SGH6ZXJNXS,M-Shwari Withdraw,20.0,,223.0,2024-07-17,21:41:59
1414,SGH0ZWY25M,M-Shwari Withdraw,200.0,,203.0,2024-07-17,21:36:44
1415,SGH8ZG1H4A,M-Shwari Withdraw,20.0,,23.0,2024-07-17,19:48:01
1417,SGH7ZATI9V,M-Shwari Withdraw,480.0,,1103.0,2024-07-17,19:22:42
1419,SGH2XZH2C8,M-Shwari Withdraw,50.0,,53.0,2024-07-17,14:13:35
1421,SGG4VMJ354,M-Shwari Withdraw,150.0,,153.0,2024-07-16,19:18:38
1422,SGG3TCNL2V,M-Shwari Withdraw,20.0,,43.0,2024-07-16,08:24:30
1423,SGG5TC5KOF,M-Shwari Withdraw,20.0,,23.0,2024-07-16,08:19:26
1424,SGF0QRRE8S,M-Shwari Withdraw,50.0,,273.0,2024-07-15,14:25:59
1430,SGA6A1PEJM,M-Shwari Withdraw,50.0,,50.0,2024-07-10,23:15:31
1431,SGA492UAZI,M-Shwari Withdraw,50.0,,50.0,2024-07-10,19:09:15
1433,SG86ZHYKH8,M-Shwari Withdraw,150.0,,322.0,2024-07-08,16:09:38
1436,SG41KR65Z3,M-Shwari Withdraw,100.0,,100.0,2024-07-04,18:33:43
1437,SG42JJBVGG,M-Shwari Withdraw,50.0,,50.0,2024-07-04,13:26:01
1438,SG38GD2QQA,M-Shwari Withdraw,50.0,,50.0,2024-07-03,16:37:05
1439,SG32FMVKG8,M-Shwari Withdraw,120.0,,120.0,2024-07-03,13:20:13
1440,SG20E4TU94,M-Shwari Withdraw,50.0,,50.0,2024-07-02,22:57:07
1441,SG26AIRHZ4,M-Shwari Withdraw,30.0,,30.0,2024-07-02,00:06:30
1447,SFR9TRJ5RH,M-Shwari Withdraw,115.0,,118.0,2024-06-27,20:34:44
1448,SFR5S3N2OZ,M-Shwari Withdraw,50.0,,53.0,2024-06-27,13:52:38
1449,SFR0RRDIUU,M-Shwari Withdraw,10.0,,13.0,2024-06-27,12:17:52
1450,SFR3RBKCL7,M-Shwari Withdraw,5.0,,160.0,2024-06-27,10:02:09
1451,SFR6RBF5LM,M-Shwari Withdraw,110.0,,155.0,2024-06-27,10:00:50
1453,SFQ4OJ3S0U,M-Shwari Withdraw,10.0,,10.0,2024-06-26,14:02:37
1454,SFQ2OI7G66,M-Shwari Withdraw,50.0,,50.0,2024-06-26,13:55:42
1456,SFP7MT1SB1,M-Shwari Withdraw,50.0,,50.0,2024-06-25,21:22:17
1459,SFO8JKDGBY,M-Shwari Withdraw,100.0,,108.0,2024-06-24,21:36:51
1461,SFO4IRKOR8,M-Shwari Withdraw,20.0,,23.0,2024-06-24,18:52:14
1467,SFL978CROV,M-Shwari Withdraw,100.0,,108.0,2024-06-21,15:37:21
1468,SFK44HN0GO,M-Shwari Withdraw,30.0,,38.0,2024-06-20,19:13:01
1473,SFI2W16YE0,M-Shwari Withdraw,100.0,,111.0,2024-06-18,18:29:55
1479,SFF9KBQA1L,M-Shwari Withdraw,200.0,,212.0,2024-06-15,13:52:00
1483,SFC28BO9Y6,M-Shwari Withdraw,102.0,,103.0,2024-06-12,10:05:05
1484,SFB17BRSLH,M-Shwari Withdraw,50.0,,268.0,2024-06-11,21:21:15
1491,SF95X4FO09,M-Shwari Withdraw,150.0,,247.0,2024-06-09,14:24:09
1499,SF68L3BKQC,M-Shwari Withdraw,420.0,,420.0,2024-06-06,10:58:00
1500,SF61K8TY2D,M-Shwari Withdraw,20.0,,20.0,2024-06-06,02:21:52
1501,SF59J23FRD,M-Shwari Withdraw,30.0,,50.0,2024-06-05,18:49:53
1505,SF42D8YORG,M-Shwari Withdraw,20.0,,20.0,2024-06-04,09:35:16
1506,SF49CMPIVL,M-Shwari Withdraw,20.0,,20.0,2024-06-04,00:24:07
1507,SF38CK0ASS,M-Shwari Withdraw,20.0,,20.0,2024-06-03,23:44:26
1508,SF38CHS2CC,M-Shwari Withdraw,20.0,,20.0,2024-06-03,23:10:06
1510,SF34AH5NNG,M-Shwari Withdraw,20.0,,20.0,2024-06-03,14:52:33
1511,SF34ACJTJ0,M-Shwari Withdraw,10.0,,20.0,2024-06-03,14:15:33
1517,SF1144JYMD,M-Shwari Withdraw,20.0,,20.0,2024-06-01,18:45:08
1519,SF1028ZA1Y,M-Shwari Withdraw,650.0,,650.0,2024-06-01,10:30:21
1520,SF191FGGE7,M-Shwari Withdraw,20.0,,20.0,2024-06-01,00:16:08
1521,SEV1ZZ7347,M-Shwari Withdraw,30.0,,60.0,2024-05-31,20:57:10
1523,SEV6X2CLOO,M-Shwari Withdraw,30.0,,620.0,2024-05-31,08:41:17
1524,SEU1VE524Z,M-Shwari Withdraw,20.0,,720.0,2024-05-30,18:18:46
1527,SEU2UM2MA6,M-Shwari Withdraw,750.0,,750.0,2024-05-30,14:57:21
1528,SEU8U5LWUU,M-Shwari Withdraw,10.0,,10.0,2024-05-30,12:46:38
1529,SEU8TRBUWY,M-Shwari Withdraw,10.0,,20.0,2024-05-30,10:45:16
1530,SEU6SY4WMQ,M-Shwari Withdraw,20.0,,30.0,2024-05-30,00:24:31
1531,SET0SJBUAM,M-Shwari Withdraw,30.0,,30.0,2024-05-29,20:53:12
1532,SET0RZKE2C,M-Shwari Withdraw,20.0,,20.0,2024-05-29,19:05:38
1533,SET8R7FG1C,M-Shwari Withdraw,20.0,,20.0,2024-05-29,16:08:33
1534,SET9QWOTQ7,M-Shwari Withdraw,30.0,,30.0,2024-05-29,14:39:20
1535,SES7OXSBFB,M-Shwari Withdraw,20.0,,20.0,2024-05-28,21:01:22
1536,SES6O4UTWC,M-Shwari Withdraw,20.0,,20.0,2024-05-28,18:24:48
1538,SES5MRIQ9D,M-Shwari Withdraw,50.0,,50.0,2024-05-28,12:04:17
1540,SER6KVMPU8,M-Shwari Withdraw,40.0,,40.0,2024-05-27,19:31:59
1541,SER3I0LXWJ,M-Shwari Withdraw,20.0,,20.0,2024-05-27,00:00:55
1544,SEO6AZAUP6,M-Shwari Withdraw,20.0,,20.0,2024-05-24,23:14:12
1549,SEM43ESQKI,M-Shwari Withdraw,20.0,,20.0,2024-05-22,20:42:53
1550,SEM424GPT8,M-Shwari Withdraw,20.0,,100.0,2024-05-22,15:53:50
1552,SEL0ZAAFRI,M-Shwari Withdraw,10.0,,20.0,2024-05-21,23:51:07
1555,SEL6X4ZMZW,M-Shwari Withdraw,120.0,,120.0,2024-05-21,13:30:42
1557,SEK9UEY9HF,M-Shwari Withdraw,20.0,,20.0,2024-05-20,17:19:40
1558,SEK9SUFEZ7,M-Shwari Withdraw,20.0,,40.0,2024-05-20,09:28:26
1564,SEI7N4S15B,M-Shwari Withdraw,20.0,,20.0,2024-05-18,16:07:42
1565,SEH7L3MHD1,M-Shwari Withdraw,20.0,,20.0,2024-05-17,22:37:35
1566,SEH3L1RM3T,M-Shwari Withdraw,20.0,,20.0,2024-05-17,22:13:39
1567,SEH0JBLMYS,M-Shwari Withdraw,20.0,,20.0,2024-05-17,15:28:08
1568,SEG1HD0FAL,M-Shwari Withdraw,20.0,,20.0,2024-05-16,22:02:21
1569,SEG9GHO5VL,M-Shwari Withdraw,20.0,,20.0,2024-05-16,18:35:15
1570,SEG8FPYS24,M-Shwari Withdraw,10.0,,520.0,2024-05-16,15:15:36
1574,SED16JBQR7,M-Shwari Withdraw,30.0,,125.0,2024-05-13,22:06:58
1578,SED04DFYKE,M-Shwari Withdraw,30.0,,30.0,2024-05-13,13:15:09
1582,SEC2ZD1TKE,M-Shwari Withdraw,10.0,,10.0,2024-05-12,11:12:25
1601,SE85K5KT1Z,M-Shwari Withdraw,900.0,,950.0,2024-05-08,09:16:15
1603,SE89JYE02F,M-Shwari Withdraw,50.0,,80.0,2024-05-08,08:07:04
1630,SDN62W9MQA,M-Shwari Withdraw,15.0,,15.0,2024-04-23,16:30:27
1631,SDN423DDHG,M-Shwari Withdraw,20.0,,20.0,2024-04-23,12:33:25
1632,SDN22128KO,M-Shwari Withdraw,15.0,,20.0,2024-04-23,12:13:35
1634,SDM2YTZOSC,M-Shwari Withdraw,120.0,,625.0,2024-04-22,17:58:16
1636,SDM8XFAEJW,M-Shwari Withdraw,20.0,,25.0,2024-04-22,11:13:43
1637,SDM4XB8AFM,M-Shwari Withdraw,20.0,,25.0,2024-04-22,10:38:03
1638,SDM5WLM7JJ,M-Shwari Withdraw,20.0,,25.0,2024-04-22,00:51:24
1639,SDL4WIJ55A,M-Shwari Withdraw,20.0,,25.0,2024-04-21,22:54:30
1641,SDL5UI2AWX,M-Shwari Withdraw,20.0,,25.0,2024-04-21,12:55:39
1644,SDK6RHVPMO,M-Shwari Withdraw,300.0,,467.0,2024-04-20,14:29:18
1649,SDK5QIFOVB,M-Shwari Withdraw,30.0,,37.0,2024-04-20,09:31:34
1650,SDK4PYZB3Q,M-Shwari Withdraw,20.0,,27.0,2024-04-20,00:35:38
1651,SDJ7OU3267,M-Shwari Withdraw,1010.0,,1020.0,2024-04-19,18:28:50
1655,SDI4K0ST0W,M-Shwari Withdraw,10.0,,15.0,2024-04-18,12:45:14
1656,SDH4IS5HWY,M-Shwari Withdraw,20.0,,25.0,2024-04-17,23:42:22
1657,SDH7I7NRWZ,M-Shwari Withdraw,20.0,,75.0,2024-04-17,20:28:42
1659,SDH3I3LGD7,M-Shwari Withdraw,35.0,,35.0,2024-04-17,20:05:54
1660,SDH0I1LVMM,M-Shwari Withdraw,25.0,,65.0,2024-04-17,19:55:11
1661,SDH7I16XBX,M-Shwari Withdraw,30.0,,40.0,2024-04-17,19:53:00
1662,SDH2HWOFJ0,M-Shwari Withdraw,100.0,,100.0,2024-04-17,19:30:44
1666,SDH2H5Q7G6,M-Shwari Withdraw,10.0,,20.0,2024-04-17,16:56:02
1667,SDH5H4BNJB,M-Shwari Withdraw,50.0,,60.0,2024-04-17,16:45:38
1668,SDH9GJR2XR,M-Shwari Withdraw,250.0,,357.0,2024-04-17,14:01:59
1670,SDH9G3F5F5,M-Shwari Withdraw,20.0,,27.0,2024-04-17,11:52:59
1671,SDG0F1T04G,M-Shwari Withdraw,20.0,,27.0,2024-04-16,23:37:51
1672,SDG7ESFP6J,M-Shwari Withdraw,30.0,,57.0,2024-04-16,21:28:02
1677,SDF79DUBF9,M-Shwari Withdraw,150.0,,187.0,2024-04-15,13:57:20
1678,SDF49BCETO,M-Shwari Withdraw,90.0,,97.0,2024-04-15,13:37:44
1679,SDF88SWDBQ,M-Shwari Withdraw,20.0,,27.0,2024-04-15,11:06:04
1681,SDE87TF8Q8,M-Shwari Withdraw,20.0,,27.0,2024-04-14,22:11:49
1682,SDE775V6WL,M-Shwari Withdraw,20.0,,77.0,2024-04-14,19:13:28
1683,SDE373WZPL,M-Shwari Withdraw,100.0,,107.0,2024-04-14,19:02:31
1684,SDE557NNQ1,M-Shwari Withdraw,70.0,,77.0,2024-04-14,09:36:54
1686,SDE14X2K11,M-Shwari Withdraw,20.0,,27.0,2024-04-14,07:35:09
1688,SDD72Y9WM3,M-Shwari Withdraw,20.0,,22.0,2024-04-13,16:15:32
1689,SDD42JHE70,M-Shwari Withdraw,70.0,,72.0,2024-04-13,14:19:22
1691,SDD811V316,M-Shwari Withdraw,20.0,,27.0,2024-04-13,00:34:40
1692,SDC7ZQL0XR,M-Shwari Withdraw,20.0,,27.0,2024-04-12,21:29:57
1694,SDC7YZNJ3X,M-Shwari Withdraw,100.0,,107.0,2024-04-12,18:54:16
1695,SDC4YSVKCY,M-Shwari Withdraw,100.0,,107.0,2024-04-12,18:17:19
1696,SDC8YGV66A,M-Shwari Withdraw,20.0,,27.0,2024-04-12,17:00:23
1697,SDC3XPR7AL,M-Shwari Withdraw,100.0,,107.0,2024-04-12,13:31:52
1700,SDB8UJWSTA,M-Shwari Withdraw,200.0,,207.0,2024-04-11,15:53:15
1701,SDB9U9AJG5,M-Shwari Withdraw,20.0,,27.0,2024-04-11,14:28:05
1703,SDB2U3ES6Q,M-Shwari Withdraw,130.0,,207.0,2024-04-11,13:42:11
1705,SDB9TQUIXN,M-Shwari Withdraw,100.0,,117.0,2024-04-11,12:01:52
1707,SDA9S4YNTV,M-Shwari Withdraw,100.0,,152.0,2024-04-10,20:14:51
1708,SDA3S0O0P1,M-Shwari Withdraw,3500.0,,3970.0,2024-04-10,19:50:27
1723,SD67DGPA03,M-Shwari Withdraw,300.0,,1174.0,2024-04-06,19:19:48
1724,SD60DGI2R4,M-Shwari Withdraw,530.0,,874.0,2024-04-06,19:18:52
1729,SD4468VQAS,M-Shwari Withdraw,97.0,,104.0,2024-04-04,20:27:58
1732,SD433YNHFB,M-Shwari Withdraw,20.0,,27.0,2024-04-04,11:03:54
1733,SD361Y8CT2,M-Shwari Withdraw,25.0,,32.0,2024-04-03,18:33:49
1734,SD34ZE0V6I,M-Shwari Withdraw,60.0,,77.0,2024-04-03,11:35:05
1737,SD16T1XU8K,M-Shwari Withdraw,330.0,,344.0,2024-04-01,15:59:33
1740,SCT5JWGI0P,M-Shwari Withdraw,20.0,,21.0,2024-03-29,20:46:55
1766,SCC8S0H77E,M-Shwari Withdraw,830.0,,830.0,2024-03-12,11:44:19
1768,SCC5RSISZT,M-Shwari Withdraw,530.0,,1008.0,2024-03-12,10:35:05
1772,SC86G61B7A,M-Shwari Withdraw,95.0,,100.0,2024-03-08,23:17:18
1773,SC82DPM2AA,M-Shwari Withdraw,100.0,,105.0,2024-03-08,12:50:31
1774,SC74BA96VM,M-Shwari Withdraw,50.0,,155.0,2024-03-07,18:37:36
1777,SC79AT1BNZ,M-Shwari Withdraw,150.0,,172.0,2024-03-07,16:44:11
1780,SC6888UX9A,M-Shwari Withdraw,200.0,,203.0,2024-03-06,20:47:17
1781,SC656IBJ5L,M-Shwari Withdraw,200.0,,210.0,2024-03-06,14:00:55
1786,SC582FBMW6,M-Shwari Withdraw,100.0,,105.0,2024-03-05,12:34:23
1789,SC42YL5MT6,M-Shwari Withdraw,330.0,,362.0,2024-03-04,16:50:33
1791,SC27S11CZZ,M-Shwari Withdraw,15.0,,17.0,2024-03-02,19:31:47
1792,SC26RZU7LQ,M-Shwari Withdraw,5.0,,7.0,2024-03-02,19:26:02
1793,SC27RXBC6X,M-Shwari Withdraw,10.0,,12.0,2024-03-02,19:13:59
1795,SC12LXDI0C,M-Shwari Withdraw,50.0,,52.0,2024-03-01,09:57:33
1796,SBT8K9X8TO,M-Shwari Withdraw,10.0,,92.0,2024-02-29,19:08:23
1798,SBT8K3UFFU,M-Shwari Withdraw,300.0,,307.0,2024-02-29,18:35:51
1799,SBT6J6MTYQ,M-Shwari Withdraw,165.0,,214.0,2024-02-29,14:39:12
1800,SBS7GNYD47,M-Shwari Withdraw,300.0,,503.0,2024-02-28,19:26:22
1804,SBR6AXQZ16,M-Shwari Withdraw,70.0,,73.0,2024-02-27,08:41:46
1805,SBQ9AHZ6LF,M-Shwari Withdraw,50.0,,53.0,2024-02-26,23:20:01
1806,SBQ29Y0YSM,M-Shwari Withdraw,65.0,,68.0,2024-02-26,20:04:24
1807,SBQ38TLXC5,M-Shwari Withdraw,110.0,,113.0,2024-02-26,15:45:30
1808,SBP06YXQU6,M-Shwari Withdraw,50.0,,53.0,2024-02-25,22:13:58
1809,SBP06HT5IA,M-Shwari Withdraw,30.0,,53.0,2024-02-25,19:57:51
1810,SBO73AD8H1,M-Shwari Withdraw,20.0,,23.0,2024-02-24,19:55:33
1812,SBO51L3D4X,M-Shwari Withdraw,20.0,,23.0,2024-02-24,12:38:45
1813,SBN9XXOV8P,M-Shwari Withdraw,20.0,,23.0,2024-02-23,16:46:46
1814,SBN9WWG1K3,M-Shwari Withdraw,20.0,,23.0,2024-02-23,11:21:40
1815,SBM4TFV6EY,M-Shwari Withdraw,20.0,,23.0,2024-02-22,10:59:15
1816,SBM7TEUOCN,M-Shwari Withdraw,20.0,,23.0,2024-02-22,10:49:53
1817,SBM7SNZ5OH,M-Shwari Withdraw,20.0,,23.0,2024-02-22,00:29:23
1818,SBL1S4NLMN,M-Shwari Withdraw,20.0,,23.0,2024-02-21,20:28:45
1819,SBL1PAN03F,M-Shwari Withdraw,20.0,,23.0,2024-02-21,01:04:57
1820,SBK9O7PJJF,M-Shwari Withdraw,200.0,,203.0,2024-02-20,18:42:58
1821,SBJ2IIJE4E,M-Shwari Withdraw,10.0,,23.0,2024-02-19,00:45:28
1823,SBG9B3XLR9,M-Shwari Withdraw,50.0,,53.0,2024-02-16,20:19:05
1827,SBF26VCAWG,M-Shwari Withdraw,100.0,,123.0,2024-02-15,17:55:27
1828,SBE73W9HKV,M-Shwari Withdraw,400.0,,430.0,2024-02-14,19:41:10
1830,SBC6T8HKPM,M-Shwari Withdraw,90.0,,90.0,2024-02-12,01:19:18
1832,SBA2PG8N6O,M-Shwari Withdraw,10.0,,10.0,2024-02-10,20:50:50
1833,SBA6PFTWOG,M-Shwari Withdraw,30.0,,30.0,2024-02-10,20:48:14
1838,SAV8OVOPEA,M-Shwari Withdraw,90.0,,96.0,2024-01-31,23:57:57
1840,SAV1NYMLM9,M-Shwari Withdraw,100.0,,105.0,2024-01-31,19:17:38
1841,SAU3KN4BXR,M-Shwari Withdraw,200.0,,312.0,2024-01-30,19:47:39
1843,SAR87SLLG0,M-Shwari Withdraw,120.0,,132.0,2024-01-27,01:32:25
1845,SAO4WRFBNG,M-Shwari Withdraw,420.0,,429.0,2024-01-24,08:03:16
1846,SAN5U2M6ZZ,M-Shwari Withdraw,10.0,,10.0,2024-01-23,11:56:57
1847,SAL7O4NY0H,M-Shwari Withdraw,50.0,,50.0,2024-01-21,16:39:49
1848,SAJ6IN4PWY,M-Shwari Withdraw,100.0,,410.0,2024-01-19,20:42:44
1850,SAI7FC5P23,M-Shwari Withdraw,50.0,,60.0,2024-01-18,20:52:54
1851,SAI0EOOQ2K,M-Shwari Withdraw,300.0,,300.0,2024-01-18,18:34:03
1852,SAG9740JKJ,M-Shwari Withdraw,10.0,,20.0,2024-01-16,14:09:58
1853,SAG973NM7R,M-Shwari Withdraw,10.0,,10.0,2024-01-16,14:06:48
1854,SAE8Y93JBW,M-Shwari Withdraw,10.0,,15.0,2024-01-14,00:40:03
1857,SAB0Q5TCAI,M-Shwari Withdraw,100.0,,156.0,2024-01-11,16:48:34
1858,SAB7PT7Z0V,M-Shwari Withdraw,300.0,,363.0,2024-01-11,14:59:18
1859,SAA9N0WMI9,M-Shwari Withdraw,81.0,,83.0,2024-01-10,17:47:16
1862,SA91K0M6E9,M-Shwari Withdraw,10.0,,12.0,2024-01-09,19:16:48
1863,SA97HKD1RT,M-Shwari Withdraw,10.0,,12.0,2024-01-09,00:06:52
1869,SA69A2NHPR,M-Shwari Withdraw,200.0,,436.0,2024-01-06,18:34:38
1870,SA64A2L6SM,M-Shwari Withdraw,200.0,,236.0,2024-01-06,18:34:19
1872,SA5266VCUC,M-Shwari Withdraw,50.0,,91.0,2024-01-05,16:00:25
1873,SA545ZFHO8,M-Shwari Withdraw,50.0,,91.0,2024-01-05,14:56:48
1875,SA4138PYKL,M-Shwari Withdraw,10.0,,10.0,2024-01-04,17:39:35
1876,SA401TER7M,M-Shwari Withdraw,10.0,,10.0,2024-01-04,10:06:41
1877,SA3814PDEQ,M-Shwari Withdraw,10.0,,10.0,2024-01-03,22:41:12
1878,SA35ZCZYJP,M-Shwari Withdraw,150.0,,150.0,2024-01-03,19:02:31
1879,SA35ZBMM73,M-Shwari Withdraw,15.0,,15.0,2024-01-03,18:54:28
1880,SA34YZT0GK,M-Shwari Withdraw,15.0,,15.0,2024-01-03,17:34:10
1881,SA34XM4Q18,M-Shwari Withdraw,10.0,,10.0,2024-01-03,10:12:06
